Date, 1, 2, 3, 4, 5, 6, 7, 8, 9, 10, 11, 12, 13, 14, 15, 16, 17, 18, 19, 20, 21, 22, 23, 24, 25, 26, 27, 28, 29, 30, 31, 32, 33, 34, 35, 36, 37, 38, 39, 40, 41, 42, 43, 44, 45, 46, 47, 48, 49, 50, 51, 52, 53, 54, 55, 56, 57, 58, 59, 60, 61, 62, 63, 64, 65, 66, 67, 68, 69, 70, 71, 72, 73, 74, 75, 76, 77, 78, 79, 80, 81, 82, 83, 84, 85, 86, 87, 88, 89, 90, 91, 92, 93, 94, 95, 96, 97, 98, 99, 100, 101, 102, 103, 104, 105, 106, 107, 108, 109, 110, 111, 112, 113, 114, 115, 116, 117, 118, 119, 120, 121, 122, 123, 124, 125, 126, 127, 128, 129, 130, 131, 132, 133, 134, 135, 136, 137, 138, 139, 140, 141, 142, 143, 144, 145, 146, 147, 148, 149, 150, 151, 152, 153, 154, 155, 156, 157, 158, 159, 160, 161, 162, 163, 164, 165, 166, 167, 168, 169, 170, 171, 172, 173, 174, 175, 176, 177, 178, 179, 180, 181, 182, 183, 184, 185, 186, 187, 188, 189, 190, 191, 192, 193, 194, 195, 196, 197, 198, 199, 200, 201, 202, 203, 204, 205, 206, 207, 208, 209, 210, 211, 212, 213, 214, 215, 216, 217, 218, 219, 220, 221, 222, 223, 224, 225, 226, 227, 228, 229, 230, 231, 232, 233, 234, 235, 236, 237, 238, 239, 240, 241, 242, 243, 244, 245, 246, 247, 248, 249, 250, 251, 252, 253, 254, 255, 256, 257, 258
1988-10-31,5.6981,2.1101,.9836,1.5008,2.5859,3.5815,1.0887,2.7820,.5044,.4017,1.3263,.9253,.4636,.2812,1.0050,.4171,.7877,4.1197,.2604,6.3163,3.1661,4.5297,1.5011,1.3708,5.0170,8.2782,1.9216,1.9833,2.9249,.7764,10.0107,5.6816,7.8016,13.7684,5.1012,8.8726,9.5186,10.9910,6.0872,2.8438,7.4465,5.7066,3.7436,4.9040,3.7839,2.9338,4.6963,5.0702,3.4826,5.0682,5.8416,3.8451,2.6687,2.4044,5.5578,10.0424,5.9603,2.8070,3.5217,2.1954,2.0052,2.0922,3.1429,2.4684,2.1415,4.5157,5.2003,1.3657,6.6566,1.2653,3.0423,5.8232,1.4164,1.5259,5.5756,4.3761,10.2292,2.8624,3.5756,2.7785,1.7728,3.7043,5.6783,.6709,2.8732,3.4954,2.8707,5.6631,4.0903,.6184,3.9403,3.5780,10.9598,5.4789,2.7526,2.9166,3.0576,1.8455,1.8831,2.4904,1.9338,3.3479,.3289,3.3889,3.3361,1.6380,1.3871,1.8824,3.4868,3.9993,.4107,2.6886,1.5393,2.1309,1.8172,3.0380,2.0462,2.8137,1.6900,2.8427,1.8122,.6431,1.8409,3.9091,.3289,2.8579,2.3529,2.1595,.3289,4.9726,2.8010,3.4373,2.9803,.8082,.3306,1.5519,9.6191,3.8471,5.4713,6.3189,8.0713,.7889,7.1450,2.8238,5.7139,6.5520,6.3080,7.0859,6.5381,5.0935,6.5836,5.7262,4.6240,8.9265,7.6051,6.6092,.8078,.8097,6.7488,.7196,1.8405,5.9571,2.7957,5.9535,.5471,5.0837,5.5845,2.2286,.5501,1.2399,3.6146,5.0293,7.5700,1.5921,1.1481,5.2576,6.7396,23.5478,15.7629,5.9774,6.9054,7.3225,4.2490,1.4882,.9390,1.7816,4.1872,5.3059,.7209,2.6744,1.5655,1.9530,5.2496,1.7660,1.3461,1.7480,4.3906,1.6687,1.8794,1.2110,1.1607,1.2476,1.1335,.8155,.8777,1.0332,1.7877,3.4418,3.9038,.7106,3.2031,.0780,.1425,.0308,.1020,.2127,.0322,.0416,.0520,.1426,.1013,4.6187,4.0235,3.4976,.2051,4.3901,.1607,.1623,.2629,.1225,13.7839,.0588,.1698,.0425,.1185,2.5070,.1116,.0614,.0532,.0363,4.5738,1.9802,2.9129,2.6911,.0583,.1180,1.7492,.1320,1.1517,.2082,.0222,.0422,2.7526,.9516,3.7914,.0323,.0355,.8546
1988-11-30,2.1739,1.9780,.9395,1.0874,2.0297,2.1560,.5455,1.8000,.1105,1.1015,.6144,.4120,.7926,1.1448,.5195,.4835,.4562,1.5466,.1330,1.1583,2.1247,1.2077,.7619,.7497,1.6343,2.4269,1.2322,1.0710,1.5637,.0838,2.2411,1.5978,2.1542,2.5666,1.8388,2.6385,2.4162,2.5295,2.2564,1.9798,1.9499,2.0309,2.2420,1.9115,1.8045,1.9586,1.7270,2.3792,1.8431,2.1208,1.9106,1.9057,1.8030,1.7789,2.2304,2.1819,2.3879,1.9134,2.2780,1.8959,2.0634,1.5664,2.4590,2.0534,1.7101,1.9135,2.1956,1.3936,2.4827,1.1520,1.3574,1.9634,.8341,.8850,2.5111,1.8472,2.3167,1.7804,2.1682,2.2554,1.1356,2.4280,1.5041,.7771,1.9443,2.3916,1.8468,2.0880,1.6574,.6571,1.8801,1.8699,1.9756,1.5469,1.8795,1.8896,2.5397,2.2548,2.2729,2.0211,1.9971,2.6154,.0000,2.6067,2.5102,1.2876,1.6954,2.1334,2.4192,2.0869,.1025,2.2847,1.3094,1.6103,1.4967,1.7551,1.5408,2.2731,1.3983,1.2778,1.3826,.4113,1.2278,2.3722,.0000,2.2057,2.0188,1.9451,.0000,2.5048,2.0328,2.1507,1.2291,.0737,.0000,1.4030,3.7491,2.4983,2.1122,3.0277,3.1050,.0724,2.9137,1.9432,2.8093,1.8871,2.8354,2.5235,2.3409,1.8560,3.0914,2.3665,2.7580,3.4071,2.5907,2.1043,.0753,.0896,3.6232,.0000,1.3173,2.8922,1.4980,1.9805,.0000,2.6904,2.0559,1.5063,.3545,.6688,1.7070,1.5276,2.4609,1.3935,.6612,2.7230,3.4883,4.7248,2.1454,1.6501,2.2547,2.3805,2.2746,.7288,.2079,1.0402,1.2085,2.8145,.0000,1.7906,.9923,.4311,1.7817,.8065,.9061,.9160,2.3081,1.0894,.4285,.8929,1.1662,1.2236,.9059,.2181,.7741,.9952,.8282,.9781,2.0717,.7429,1.3185,.0733,.0913,.0274,.0640,.1461,.0287,.0379,.0489,.1148,.0533,1.9412,1.6871,1.6055,.1464,1.5791,.1095,.1074,.2055,.0799,3.8300,.0119,.1193,.0000,.0686,1.3234,.0759,.0274,.0094,.0000,1.4486,1.1529,1.5699,1.6609,.0350,.0902,1.5582,.1035,1.1828,.0000,.0000,.0204,1.9674,.9672,2.1547,.0115,.0142,.8564
1988-12-31,1.3351,1.6977,.7681,.9533,1.4355,1.4840,.4077,1.1422,.0915,.6163,.4941,.3111,.6622,.5092,.4151,.6100,.3545,.8231,.3478,.4245,1.4890,.1338,.4465,.5879,.7261,.9757,.9439,.8284,1.0567,.0657,.7767,.6762,.8353,.9364,.8188,1.0314,.9463,.9755,.9665,.9477,.8192,.7782,1.4114,.8272,.8746,1.3232,.7897,1.1202,.9299,.9646,.8133,1.0529,1.0784,1.2700,1.1125,.9741,1.1932,1.3468,1.1910,1.0049,1.0701,.9920,1.2561,1.0948,.9387,.9877,1.0896,1.0788,1.2448,.3823,.3682,.9228,.6501,.6999,.7158,.9231,.8786,1.1952,1.3327,1.1229,.2242,1.6708,.7378,.2880,1.6223,1.2053,1.1233,.9965,.7831,.3155,1.1014,1.2919,.9146,.9028,1.3928,1.5906,1.2887,.8706,.8940,1.0859,1.0394,1.3491,.0000,1.0880,1.1661,1.0901,.8045,1.1831,1.6913,1.6167,.1025,1.7256,1.1468,1.2280,.9547,1.5375,1.2937,1.7422,1.1984,1.0767,1.4801,.3492,1.3327,1.5621,.0000,1.5731,1.4371,1.6079,.0000,1.5261,1.6101,1.4460,.7536,.0751,.0000,1.1109,2.0040,1.7051,1.0786,1.6053,1.2906,.0740,1.3784,1.2693,1.5518,.7453,1.5328,1.2000,1.1130,.9359,1.5660,1.0332,1.7622,1.4437,1.0251,.8283,.0773,.0920,2.4001,.0000,.6719,1.3736,.5658,.8100,.0000,1.8632,.8618,.7128,.3633,.7693,.7038,.6396,.8537,.6920,.5881,1.7327,2.1129,1.3273,.6454,.6999,.8495,.9206,1.7335,.7316,.2144,.8466,.5752,1.9789,.0000,1.5644,.8548,.2547,.9378,.8309,.6657,.8961,1.7768,.9169,.2732,.7306,.8300,.8451,.8066,.1853,.9570,.9828,.8583,.5937,1.6565,1.1103,1.1240,.0755,.0932,.0283,.0652,.1479,.0296,.0390,.0505,.1164,.0532,1.3159,1.0445,1.1994,.1489,.9350,.1113,.1088,.2104,.0810,1.4944,.0105,.1217,.0000,.0693,1.1965,.0769,.0271,.0082,.0000,1.0974,1.0290,1.2162,1.1671,.0340,.0912,1.2840,.1045,1.0110,.0000,.0000,.0186,1.4319,.8253,1.4530,.0096,.0124,.7199
1989-01-31,3.3730,2.2109,.9599,1.1370,2.5018,3.2022,.7787,2.6689,.1148,2.6963,.8425,.6403,2.4418,2.7080,.7728,2.4184,.6284,2.9171,2.5371,1.9062,2.0296,2.3895,.8252,.8739,2.0008,2.6765,1.1886,1.1317,1.6244,.9061,1.9762,2.0897,2.2400,2.4945,1.9072,2.4907,2.3537,2.3843,2.3614,2.2254,1.7903,2.2122,1.4536,2.1200,1.9914,1.4354,1.7549,2.6994,2.1539,2.3329,2.1473,1.9026,1.9869,1.5231,2.3958,2.1385,2.5574,1.6099,2.5577,2.1296,2.1595,1.8115,2.2968,2.2432,1.9311,2.0660,2.2692,1.6021,2.0855,.7906,.9253,1.8141,.8411,.8792,.8831,1.4154,1.2920,1.6553,1.6106,1.6567,.5388,1.8108,.6066,.6025,1.5527,1.6702,1.3094,1.3845,.9305,.4851,1.2152,1.3003,1.0792,1.0820,1.5001,1.4510,1.5531,1.6274,1.6121,1.3678,1.5565,1.7228,.0000,1.7684,1.8033,1.1806,1.3641,1.6695,2.0465,1.8407,.1047,1.9727,1.2757,1.4186,1.3305,1.5450,1.3583,1.9425,1.3510,1.2457,1.6401,.3746,1.3133,1.3355,.0000,1.8598,1.7403,1.7217,.0000,1.8895,1.6008,1.4161,1.0400,.0758,.0000,1.1431,1.8725,1.4547,.9629,1.6338,.8973,.0746,1.2877,1.4521,1.5692,.6523,1.1468,.9745,.9269,.8140,1.4485,1.0621,1.5028,1.2638,.7237,.6194,.0779,.0925,1.7457,.0000,1.0864,1.1327,.6009,.6214,.0000,1.4213,.8322,.7141,.3663,.7803,.6410,.8526,.6346,.9228,.7238,1.3383,1.5195,.8040,.7097,.5908,.5589,.6470,1.3149,.8215,.2149,1.1442,.5881,1.5042,.0000,1.4369,.8435,.3411,.8883,.8843,.9979,1.1265,1.3939,1.1777,.3331,.8286,.9664,1.0382,.8257,.2154,.7928,.9673,.7107,.7389,1.4111,.6001,.9160,.0755,.0922,.0282,.0641,.1491,.0295,.0390,.0502,.1172,.0526,1.1754,.8769,1.0623,.1490,.5540,.1105,.1087,.2103,.0798,.4757,.0100,.1206,.0000,.0681,.8197,.0754,.0262,.0074,.0000,.7348,.6679,.8199,.6762,.0330,.0902,.7497,.1034,.5536,.0000,.0000,.0173,.6753,.4726,.6613,.0091,.0116,.4332
1989-02-28,2.1289,1.6393,.8376,1.0184,1.8592,2.3366,.5805,2.0210,.1140,1.1866,.6494,.4789,1.2103,1.3783,.5761,1.4558,.5418,1.9842,1.0950,1.4856,1.7523,1.3634,.6830,.7901,1.6409,2.4089,1.1387,1.0498,1.5171,.8036,1.7692,1.7062,1.9725,2.4876,1.6594,2.3107,2.2580,2.2804,2.1826,1.9615,1.5509,1.7853,1.2209,1.7337,1.6627,1.2942,1.5215,2.3010,1.6377,2.0358,1.6799,1.4644,1.5387,1.3351,1.8534,1.6240,1.9825,1.3200,1.9872,1.6979,1.8412,1.3602,1.8782,1.7370,1.4362,1.5465,1.6767,1.1760,1.6685,.5833,.6911,1.2902,.6951,.7292,.7863,1.1621,1.1183,1.3144,1.2174,1.4168,.3831,1.4209,.4483,.6250,1.1129,1.4364,1.0629,1.1317,.7611,.4793,.9460,.9457,.8486,.8587,.9923,1.0335,1.3603,1.3038,1.2840,1.1218,1.2751,1.3421,.0000,1.2796,1.3038,.9014,1.1207,1.2224,1.3767,1.2402,.0954,1.2636,.8856,.9025,.8434,.9232,.9596,1.2279,.9694,.6853,.9990,.3374,.7000,1.0225,.0000,1.1849,1.1909,1.1097,.0000,1.1675,1.0337,.9143,.5572,.0696,.0000,.9304,1.1245,1.1367,.9905,1.1607,.7313,.0684,1.0176,1.0397,1.1273,.6847,.9083,.9864,.9384,.8965,1.0681,.7825,1.0377,.8229,.6681,.6231,.0715,.0849,1.3050,.0000,1.2272,1.0401,.7843,.6697,.0000,1.1724,.6765,.6857,.3341,1.0098,.6571,.7866,.6687,1.1392,1.0476,1.1903,1.2585,.9062,.9729,.8112,.5782,.6665,1.2424,1.0787,.1962,1.3027,.8460,1.3428,.0000,1.2785,.8601,.6476,1.2313,1.0281,1.4934,1.4286,1.2061,1.4580,.6043,.8088,1.0514,1.0177,.8023,.2780,.8013,.8766,.9275,.9674,1.1694,.6965,.8686,.0687,.0860,.0261,.0606,.1362,.0273,.0357,.0458,.1076,.0504,1.1245,.7985,1.0344,.1372,.6642,.1034,.1009,.1923,.0760,.5810,.0116,.1127,.0000,.0654,.9417,.0723,.0272,.0093,.0000,.9581,.7456,.9166,.9974,.0326,.0842,.8252,.0959,.6133,.0000,.0000,.0186,.8108,.5312,.7832,.0097,.0126,.4862
1989-03-31,4.3111,2.2403,.9695,1.1656,2.5852,3.7228,.8765,2.9103,.1251,1.1045,.9309,.6991,1.2937,1.1057,.8045,.9724,.6541,3.1522,.8032,2.7482,2.7208,1.2907,1.1328,.9362,2.7320,3.8453,1.4360,1.2559,1.8498,.6973,3.3824,2.7303,3.2441,3.8207,2.7785,3.8850,3.6685,3.6855,3.5656,2.9682,2.6394,2.9143,1.9079,2.8868,2.8027,1.9352,2.5907,3.7699,2.8358,3.3622,2.8812,2.5021,2.6297,1.9745,3.1439,2.7964,3.3572,1.9077,3.3437,2.6449,2.6086,2.3117,3.0343,2.7794,2.5343,2.7159,3.0631,1.8118,2.9108,1.2410,1.4676,2.8140,.9800,1.0116,1.4571,2.3410,2.3506,2.0112,2.5396,2.5296,.9217,2.2480,1.0555,.7532,1.9279,2.8042,1.9729,2.2820,1.9158,.7117,2.0749,1.9475,1.7449,1.7276,1.9663,1.6818,2.6895,2.4382,2.4629,2.1484,2.0336,2.6622,.0000,2.7720,2.6678,1.4004,1.7139,2.2820,2.5815,2.5115,.1092,2.4386,1.7303,1.9785,1.9344,1.8037,1.6369,2.4380,1.5710,1.8476,1.8772,.4665,1.7891,1.7848,.0000,2.8525,2.2884,2.4783,.0000,2.8392,2.1877,2.2202,1.6106,.0781,.0000,1.5392,2.3985,2.1506,2.3227,2.7839,2.1629,.0772,2.5779,2.2876,2.5790,2.0170,1.8886,2.3230,2.2549,2.3437,2.5425,2.2737,1.9285,2.1982,2.1252,1.9516,.0808,.0955,2.1028,.0000,2.8535,2.3496,2.3302,1.9718,.0000,2.1128,2.1208,1.9569,.3754,2.3472,1.9135,2.4930,1.8513,2.7859,2.5117,2.2577,2.1563,2.1953,2.2406,2.2175,1.5317,1.6584,2.1684,2.5346,.2184,2.7741,2.3296,2.3986,.0000,1.8642,1.3849,1.3317,3.3474,2.5735,2.6028,2.7949,2.2628,2.7960,1.2676,1.9521,2.5431,2.5513,2.1760,.3541,2.2356,2.2697,2.5554,2.3012,2.2691,2.0406,2.1710,.0771,.0977,.0298,.0695,.1535,.0312,.0405,.0518,.1215,.0578,2.7190,2.0865,2.7051,.1540,1.8833,.1160,.1138,.2160,.0855,1.7064,.0145,.1260,.0000,.0734,2.6196,.0809,.0317,.0117,.0000,3.1084,1.7766,2.8355,2.8707,.0383,.0956,2.0220,.1083,1.2392,.0000,.0000,.0219,2.0976,.9990,2.0524,.0131,.0158,.8845
1989-04-30,2.6397,2.0178,.8742,1.0468,2.0997,2.8961,.5903,2.2178,.1009,.6557,.6672,.4947,.6955,.7507,.5900,.6739,.5361,2.0982,.4670,1.8599,2.5613,1.0138,1.0003,.8253,2.1851,3.4686,1.3761,1.1592,1.7605,.5076,2.8130,2.2302,2.8201,3.6240,2.6110,3.5433,3.5104,3.5371,3.4739,2.8234,2.6098,2.4797,2.1254,2.6669,2.7181,2.2087,2.5666,3.6577,2.8025,3.3243,2.4808,2.6729,2.7101,2.3325,3.3398,2.9527,3.5666,2.2587,3.3956,2.6003,2.3414,2.3227,3.2633,2.7591,2.5363,2.5393,3.1277,1.6525,3.3785,1.5477,2.0256,3.1641,1.0889,1.1456,1.6585,2.8344,3.0060,2.1626,3.4367,2.5835,1.0094,3.0521,2.0986,.7710,2.7646,3.8022,2.1818,3.2532,2.6260,.7086,4.1558,3.5859,2.9573,3.0013,2.9485,2.6433,3.4170,2.4948,2.6376,2.8473,2.0372,3.7151,.0000,3.6617,3.7505,1.6573,1.8075,2.7553,4.0818,4.5089,.1088,3.5881,1.9847,2.4447,2.5267,3.4958,2.0381,3.8077,1.6724,3.3409,2.4811,.4848,2.9119,2.4611,.0000,3.4282,2.4099,3.1100,.0000,4.5257,3.2134,3.7795,3.3574,.0766,.0000,1.5541,3.9448,2.7801,2.8196,3.8743,2.8478,.0755,3.3437,2.6944,3.8431,2.3590,2.3802,2.6871,2.7082,2.6034,4.0083,3.6423,2.8625,3.4131,2.6853,2.3456,.0785,.0924,2.3851,.0000,3.3619,3.4700,2.5522,2.2359,.0000,2.2780,3.2088,2.2861,.3651,2.3603,2.7548,3.1238,2.5126,3.4036,2.1931,2.3555,2.2897,2.2386,2.4344,1.9259,2.0362,2.1936,2.2159,2.4219,.2103,3.1309,1.9965,2.3626,.0000,1.9440,1.3403,1.3282,2.8579,2.5444,2.9793,2.6379,2.2598,2.9850,1.2583,2.6077,2.3329,2.3381,2.5013,.3162,2.2258,2.5162,2.2621,2.0120,2.5548,1.8415,2.2866,.0740,.0917,.0282,.0644,.1467,.0295,.0386,.0490,.1160,.0534,3.2992,2.0512,3.5540,.1467,1.6349,.1092,.1079,.2069,.0794,1.3434,.0121,.1190,.0000,.0679,3.4273,.0752,.0281,.0094,.0000,3.9173,2.1141,3.4923,3.1492,.0351,.0906,2.0391,.1027,1.2443,.0000,.0000,.0190,2.0778,.9915,2.0401,.0100,.0128,.8760
1989-05-31,3.2543,2.3102,1.0250,1.1710,2.5154,3.2664,.6631,2.7885,.1227,.3858,.7260,.5446,.2443,.7137,.6439,.8839,.6094,2.2905,.4024,1.8157,2.4351,.9241,1.0163,.8924,2.3385,3.7256,1.4469,1.2277,1.8676,.5987,2.7160,2.4435,3.0490,3.9685,2.6143,3.8544,3.8276,3.8240,3.6446,2.9414,2.6319,2.2847,2.2753,2.5161,2.6396,2.4219,2.5924,3.6480,2.7106,3.3884,2.5316,2.5396,2.6429,2.5362,3.2843,2.8918,3.5086,2.3521,3.4219,2.6306,2.5722,2.3167,3.6018,2.8477,2.6341,2.6689,2.9412,1.7305,3.5491,1.3134,1.4941,2.4914,.9494,.9844,1.1928,2.4945,2.5481,1.9496,2.7465,1.8912,.4524,2.6912,1.3834,.7224,2.4237,2.4569,1.6768,2.0348,2.0082,.4795,2.6228,2.5825,1.9090,1.9241,1.8282,2.3602,1.9274,1.6837,1.7050,1.6780,1.6419,2.1783,.0000,1.9356,2.0428,1.4567,1.4866,1.8013,2.5768,2.4156,.1059,2.3634,1.1991,2.0086,1.9927,2.0468,1.8039,2.3894,1.4272,1.8821,1.5697,.4030,1.4182,2.0735,.0000,2.3413,1.8233,1.7866,.0000,2.3188,2.0074,2.3605,1.3830,.0761,.0000,1.1843,2.4063,2.5114,1.9950,2.5268,1.9477,.0752,2.5410,1.9292,2.6602,1.7456,2.1547,1.9471,1.9918,1.9554,2.8587,2.3880,2.3650,2.2692,1.9995,1.9253,.0786,.0930,2.2489,.0000,2.4336,3.1458,2.0870,1.9863,.0000,2.2457,2.4899,1.9677,.3717,2.1094,2.3338,2.7009,2.3038,3.1503,1.9709,2.5465,2.5211,2.1553,2.1444,1.8126,1.5528,1.6644,2.2264,2.5115,.2177,2.5517,1.9678,2.5161,.0000,2.1811,1.4092,1.1036,3.0091,2.6483,2.4604,2.9527,2.3855,2.6696,1.0567,2.4006,1.8450,2.0378,2.0895,.3437,1.8473,2.0822,1.7170,1.7905,2.7175,1.8342,1.9959,.0758,.0958,.0285,.0675,.1527,.0299,.0393,.0507,.1209,.0573,2.8798,1.7530,2.7699,.1540,1.5201,.1170,.1140,.2156,.0871,1.3980,.0153,.1277,.0000,.0753,3.0689,.0828,.0335,.0131,.0000,2.8184,2.1557,3.1996,3.1092,.0393,.0968,2.2722,.1100,1.4530,.0000,.0000,.0242,2.8318,1.1794,2.7382,.0136,.0172,1.0380
1989-06-30,5.9029,2.4011,1.0854,1.2699,2.9803,4.0539,1.0408,3.5404,.1790,1.9857,1.1286,.8227,1.9527,1.6081,1.0240,1.3201,.8969,4.1750,1.5081,3.2207,2.6265,1.7957,1.3118,1.1440,3.8059,4.8355,1.4418,1.4193,2.0179,1.2981,3.7674,3.6573,4.2082,4.4242,3.7164,4.8049,4.3606,4.4418,4.5717,3.6138,3.4530,4.2843,2.3317,4.2010,3.8527,2.6375,3.4023,5.1300,4.2220,4.5000,4.3629,3.5105,3.2197,2.6135,4.8026,4.2938,5.1289,2.7429,4.6996,3.2333,2.9278,2.7094,4.2305,3.6083,2.9978,4.4610,4.9573,2.0780,4.7633,1.4841,2.1127,4.2032,1.2667,1.3333,1.5767,3.1548,2.7569,2.7151,3.6465,3.0729,.4715,3.3488,1.4743,1.1452,2.7207,4.4674,2.3869,3.5227,1.8531,.8789,3.0906,2.9120,2.5325,2.5818,2.3613,2.5126,3.2747,3.0618,3.1410,2.7597,2.2953,3.5751,.0000,4.6249,4.0529,1.5472,2.0716,3.0720,3.7210,3.8115,.1081,3.7173,1.9899,2.3031,2.2441,3.0568,1.9221,3.9485,1.6072,2.1436,2.3908,.4929,2.7327,2.2505,.0000,3.0289,2.4775,2.8806,.0000,3.5185,2.8054,3.3306,2.1583,.0792,.0000,1.6427,3.0577,2.8934,3.0941,3.5643,2.7989,.0785,3.1010,2.4850,3.2500,2.6489,2.6554,3.2299,3.0794,3.3522,3.4220,3.3675,2.5269,2.7334,2.7287,2.6507,.0819,.0967,2.7339,.0000,3.7388,3.3236,2.3751,2.5747,.0000,2.7421,3.5881,2.3272,.3760,3.0265,2.7602,4.6178,2.5931,4.7295,3.3783,3.1669,3.1000,3.4552,3.8647,2.8047,2.7061,2.8719,2.8031,3.4487,.2158,4.9363,3.1207,3.1898,.0000,2.4010,1.4692,1.9621,4.5118,3.7478,4.5684,3.0626,3.1694,5.0686,1.8455,3.6411,4.8707,4.8893,3.8447,.5661,3.4162,3.9944,4.1565,3.8269,3.6812,3.5839,3.0720,.0771,.1000,.0304,.0725,.1569,.0322,.0415,.0518,.1265,.0642,6.0460,3.9186,5.6639,.1584,3.8303,.1220,.1196,.2192,.0928,3.8220,.0203,.1317,.0000,.0804,4.2051,.0879,.0404,.0175,.0000,7.4047,3.1376,6.0129,5.6289,.0490,.1047,2.7597,.1157,1.7755,.0000,.0000,.0315,4.5821,1.4560,5.6659,.0193,.0231,1.3051
1989-07-31,5.7376,2.4204,1.0673,1.2078,2.8703,4.2311,.9245,3.2935,.1385,1.8604,.9889,.7650,1.8351,1.8071,.8901,1.9602,.8097,3.7038,1.6458,3.1806,3.1284,1.8033,1.7182,1.0966,4.3172,6.0947,1.5933,1.4939,2.2155,.9573,6.1052,4.1377,5.4646,5.9247,5.0771,6.8023,6.1187,6.2300,6.2077,4.3849,4.7810,5.6022,3.3870,5.5297,5.2763,3.5311,4.6968,6.5938,5.3189,5.9417,4.9162,4.9225,4.0651,3.0827,6.0972,5.4740,6.5080,3.7965,5.6671,3.8516,3.5456,3.3367,4.8817,4.2278,3.8676,4.7050,4.9977,2.1723,5.5624,1.9071,2.9751,4.9696,1.3381,1.3889,1.6268,3.6220,3.3259,2.6422,5.3465,3.2438,.6899,4.0299,1.8520,1.0257,3.1906,5.6625,2.6148,4.3680,2.1972,.9339,4.3976,3.9586,2.8147,2.8034,3.2715,2.9916,4.0506,3.3830,3.3914,3.3627,2.4342,4.3514,.0000,4.8025,4.3411,1.7641,2.1109,3.1923,4.2900,5.3223,.1151,3.6264,2.0822,2.7769,2.8658,3.8018,2.2547,3.8450,1.9612,4.4373,2.4034,.5710,3.1670,3.6239,.0000,4.2864,2.8884,3.5569,.0000,6.6826,3.8248,4.4172,4.7386,.0820,.0000,1.9024,6.1042,4.0774,4.6732,6.3402,4.3991,.0817,5.1855,3.1871,5.4607,4.0917,4.2407,4.5346,4.5427,4.1596,4.6934,3.6046,4.2304,4.8530,3.9943,4.2956,.0835,.0959,3.8579,.0000,5.6120,4.5120,3.2022,3.6408,.0000,3.7501,4.3627,2.5926,.3857,3.8753,3.6308,4.9623,3.7094,6.1333,4.2848,4.4896,4.2256,4.3378,4.2327,3.5879,3.7598,3.9883,3.7986,4.8720,.2221,5.4647,4.0120,4.6689,.0000,2.6431,1.5236,1.9342,6.8106,5.4822,5.6759,3.2995,4.6393,5.4579,1.8587,4.4595,4.5574,4.2421,4.4572,.4815,4.5900,4.5966,4.7308,3.5655,4.0396,4.4086,3.6733,.0784,.1025,.0308,.0743,.1573,.0323,.0417,.0530,.1264,.0632,7.0444,4.5028,6.6363,.1605,4.6114,.1231,.1204,.2242,.0936,4.9101,.0208,.1339,.0000,.0819,4.7376,.0894,.0386,.0171,.0000,8.4275,3.4650,6.6144,5.9386,.0465,.1034,2.7506,.1162,1.7579,.0000,.0000,.0307,4.8572,1.4289,6.9470,.0183,.0227,1.2674
1989-08-31,3.0252,2.1190,.9337,1.1083,2.3892,3.4786,.6591,2.6931,.1106,.1201,.7186,.4901,.1665,.0000,.5914,.1667,.4693,2.0875,.0280,1.8229,2.6050,.6889,1.1358,.8214,2.0578,3.2636,1.2821,1.1456,1.6484,.1011,2.4748,2.2408,2.8890,3.1115,2.2275,3.5585,3.1792,3.1591,2.9335,2.1199,2.1829,2.3609,2.7184,2.1746,2.2909,2.6754,2.1593,2.7508,2.1856,2.5828,2.6092,2.4092,2.0874,2.2009,2.2913,1.9856,2.4488,2.6486,2.2616,1.7390,1.6877,1.7549,1.9482,1.8695,1.6639,2.4079,2.7691,1.5977,2.2958,.5462,.5595,2.3684,.8774,.8902,.7082,2.5972,2.9763,1.7365,3.4885,1.5937,.1426,2.8285,.6967,.6762,2.2872,2.6953,1.5824,2.0565,2.2027,.4195,1.4910,1.7344,1.4346,1.3587,1.5106,1.9520,1.7712,1.8901,1.8817,1.3995,1.4680,2.1649,.0000,2.4334,1.8810,1.0528,1.2299,1.7946,1.8198,2.0295,.1036,1.9207,1.2184,1.2688,.9253,1.9843,1.4032,2.0241,1.3438,2.0398,1.4357,.4010,1.2495,2.4222,.0000,2.1765,1.5519,1.5296,.0000,2.2987,1.8759,2.3197,1.3999,.0761,.0000,1.0446,2.7854,2.7447,2.4207,2.8392,2.0051,.0746,2.7942,1.8090,2.8201,1.6316,2.5532,2.3559,2.3868,2.1546,2.8309,2.0473,2.7954,2.4180,1.9877,2.0448,.0778,.0930,2.8137,.0000,2.5796,3.1427,1.9451,1.8657,.0000,2.7662,2.2530,1.7063,.3687,2.3214,2.0937,1.7668,2.1403,2.7725,1.8621,3.4165,3.2338,2.2265,1.8395,1.7645,1.9844,2.1426,2.9330,3.1991,.2160,2.3529,2.0503,3.8244,.0000,2.4438,1.3306,1.0233,4.0893,3.8412,2.6851,2.7387,3.8693,2.4047,1.0080,2.8137,1.8825,1.6894,2.4268,.2456,2.6740,2.6447,1.8966,1.4831,2.7536,2.5454,2.3206,.0757,.0948,.0284,.0667,.1495,.0297,.0391,.0506,.1179,.0554,3.9568,2.5148,3.7383,.1510,2.2712,.1138,.1108,.2129,.0834,2.2228,.0126,.1240,.0000,.0716,2.8104,.0791,.0293,.0103,.0000,3.7352,2.1342,3.1984,2.6142,.0364,.0939,1.7885,.1071,1.1325,.0000,.0000,.0205,2.6385,.9121,3.6559,.0129,.0151,.8112
1989-09-30,2.7387,2.0726,1.0404,1.1791,2.4393,3.0611,.7459,2.5873,.1434,1.3413,.7998,.6025,1.3992,1.2234,.7374,1.4358,.6971,2.9613,1.2962,2.4790,2.3164,1.7801,.9178,.9766,2.3288,3.4325,1.3474,1.2762,1.8990,1.1907,2.7428,2.3915,2.6217,3.4258,2.7553,2.8935,2.9999,3.0401,3.1635,2.8991,2.5080,2.4571,2.2671,2.7720,2.7864,2.3398,2.4717,3.6385,2.7399,3.1262,2.3405,2.2824,2.2917,2.2234,3.0130,2.6324,3.2210,2.4637,3.1464,2.5360,2.4938,1.9628,2.7350,2.6215,2.1481,2.4363,2.5505,1.5617,2.6090,1.0863,1.3241,2.1664,.8422,.8634,1.2783,2.4350,2.9216,1.7297,2.3452,2.1315,.6312,2.2360,.6470,.8813,2.0621,2.4105,1.7216,2.0181,1.9954,.7421,1.4347,1.4984,1.6419,1.6090,1.2434,1.6774,2.3559,2.1705,2.2426,1.8666,1.9854,2.4267,.0000,2.3395,2.4380,1.1587,1.7601,1.9613,2.4008,2.2864,.1033,2.2911,1.2423,1.5591,1.3835,1.5664,1.5092,2.2865,1.4213,1.4824,1.5343,.4009,1.6245,2.2069,.0000,2.5828,1.9940,2.1920,.0000,2.1431,1.9825,2.0582,1.0069,.0744,.0000,1.3756,2.0948,2.2397,1.7820,2.2701,1.6226,.0730,1.8811,1.6801,2.0364,.8778,1.5833,1.7594,1.7165,1.6317,1.9386,1.3585,1.9899,1.6215,1.3595,1.0999,.0759,.0901,2.0808,.0000,1.5769,1.7665,1.0325,1.1940,.0000,2.0855,1.1928,.9966,.3582,1.6915,1.0264,1.0879,.9808,1.2799,1.4201,2.5752,2.5091,1.6481,1.5845,1.1461,1.1079,1.1784,2.1715,2.2528,.2092,1.7136,1.3366,2.8489,.0000,2.2985,1.2778,.8390,2.5145,2.5667,1.5719,2.4972,2.8628,1.7648,.7705,1.8672,1.0845,1.1591,1.4171,.3204,1.4074,1.4539,1.0516,1.6457,2.0266,1.5476,1.4888,.0731,.0903,.0274,.0631,.1471,.0287,.0379,.0487,.1168,.0530,2.6660,1.2344,2.6074,.1469,1.2187,.1107,.1082,.2066,.0818,1.2703,.0132,.1212,.0000,.0707,2.2179,.0780,.0298,.0111,.0000,2.2706,1.7839,2.6157,2.8265,.0389,.0942,2.2694,.1084,1.4684,.0000,.0000,.0247,3.1019,1.2004,3.3782,.0159,.0187,1.0689
1989-10-31,4.6666,2.0607,.8890,1.1312,2.1373,3.3125,.7525,2.3467,.1167,.6808,1.0218,.5602,.7359,.5544,.8297,.7294,1.1082,4.1126,.5787,4.8993,2.8560,1.3069,1.6593,1.2232,4.2207,5.7514,1.6081,1.7733,1.8812,.5948,5.8044,4.2650,4.8746,5.9651,4.7448,5.1800,5.3277,5.3697,4.8918,2.0859,4.3956,5.1233,3.2768,4.7820,3.6390,2.8111,4.3302,4.8419,3.4121,4.5697,4.4280,3.8393,2.5517,2.2764,4.6913,4.5784,5.0123,3.3104,3.2225,1.6704,1.3321,1.9895,2.5694,1.9822,1.7816,4.3074,4.1362,1.6778,5.4135,.9558,2.0186,4.3600,1.1324,1.2037,1.8272,3.2067,4.0950,2.2656,3.8812,2.1561,.4645,3.2564,2.4048,.4937,2.4328,3.9319,2.0225,3.0245,3.0359,.4674,3.0514,2.7646,2.3443,2.2832,2.4729,2.3265,2.7241,1.6768,1.7659,2.3521,1.4207,2.9595,.0000,2.7633,2.9159,1.4703,1.0608,1.9969,3.1703,3.0548,.1098,2.6611,1.6341,1.8851,1.8257,3.0731,1.7691,2.9097,1.4061,1.9253,1.9843,.3883,2.2816,2.7931,.0000,2.6153,2.0079,2.2356,.0000,2.7101,2.5479,2.8685,1.8690,.0778,.0000,1.2393,2.5918,3.0799,2.2906,3.4359,3.1618,.0768,3.2105,2.1165,3.0292,1.9513,2.2028,2.1391,2.1763,1.8307,2.8856,2.3273,2.4693,2.4453,2.9589,2.4686,.0790,.0929,2.1243,.0000,3.9673,3.0495,2.2395,2.7445,.0000,2.0335,2.2148,1.7967,.3749,1.6608,2.2163,2.2931,2.2523,3.1723,1.6226,2.6194,2.8263,2.4593,2.6286,1.7020,2.6845,2.9094,2.0401,2.2494,.2161,4.5058,1.8097,2.6082,.0000,2.3861,1.2882,1.7922,2.5174,2.6359,3.9394,2.3886,2.6737,4.4799,1.7906,2.7321,2.5531,3.1149,2.4660,.3399,1.9972,2.5425,2.1563,3.0276,3.3063,2.0874,2.0105,.0769,.0961,.0292,.0680,.1534,.0307,.0403,.0516,.1218,.0564,4.1282,2.2235,3.7931,.1533,2.0144,.1156,.1133,.2155,.0857,2.1470,.0138,.1266,.0000,.0743,3.2858,.0818,.0317,.0112,.0000,3.4536,2.4034,3.6075,3.4234,.0370,.0945,1.9893,.1073,1.2207,.0000,.0000,.0209,3.2819,.9620,3.7976,.0117,.0147,.8379
1989-11-30,1.9813,1.9597,.9058,1.0523,1.9903,2.3343,.5951,1.9568,.1020,.6314,.6779,.5103,.3886,1.0065,.6315,1.0502,.5754,2.2094,.6083,2.1726,2.1227,.6520,.7771,.7921,1.7650,2.4623,1.1990,1.0451,1.4281,.3293,2.5513,1.8123,2.0292,2.3988,1.9406,2.3595,2.2521,2.2729,2.2730,2.0177,1.7761,2.1709,1.9296,2.0753,1.9017,1.7423,1.7438,2.5505,1.9424,2.2102,2.0109,1.8901,1.7606,1.5531,2.2372,1.9914,2.3912,2.0258,2.3095,1.8835,2.0143,1.5219,2.1063,1.9403,1.6445,1.6785,1.9517,1.3967,1.9705,.4223,.5409,1.7832,.8068,.8454,.5430,1.3196,1.2750,1.5389,2.0395,1.2744,.1003,2.0752,.6403,.5941,1.5413,1.6278,1.1234,1.1981,.9079,.4230,1.3953,1.4398,.8649,.8796,1.1571,1.5555,1.1549,.9701,.9496,.9259,.9377,1.1237,.0000,.9956,.9558,1.1706,.8118,.9735,1.2048,1.4038,.1024,1.1306,1.1129,1.3442,1.3748,1.4875,1.3416,1.1467,1.2472,1.2541,1.2781,.3695,1.3829,1.8604,.0000,2.1669,1.8640,1.8805,.0000,2.6048,2.0071,2.1720,1.5724,.0757,.0000,1.3173,2.3777,2.7165,1.9278,2.8966,2.6029,.0751,2.8050,2.1062,2.8435,1.8893,2.0637,1.8310,1.8963,1.7030,2.7175,2.2328,2.3124,2.3693,2.6148,2.3463,.0781,.0916,1.9235,.0000,2.9511,3.0551,2.4173,2.4193,.0000,1.8381,2.2010,1.9328,.3626,1.5801,2.3179,2.3542,2.3942,3.2958,1.5104,2.1217,2.3007,1.7711,1.8765,1.3324,1.8246,1.9139,1.7236,1.7737,.2096,2.7065,1.3286,2.0230,.0000,2.1374,1.2430,1.9331,1.6630,1.9846,3.8609,1.9497,2.1414,3.3797,1.7087,1.9829,1.4702,1.5874,1.6950,.3935,1.5760,1.7029,1.5080,3.2051,2.6750,1.7553,1.6241,.0736,.0920,.0278,.0648,.1475,.0291,.0383,.0492,.1180,.0538,3.4369,1.4893,3.4552,.1471,1.5332,.1112,.1081,.2068,.0821,1.6772,.0128,.1212,.0000,.0709,2.5705,.0782,.0297,.0104,.0000,2.6751,1.9218,3.1667,3.1318,.0379,.0931,1.9975,.1058,1.2863,.0000,.0000,.0228,3.0349,1.0418,3.1398,.0125,.0157,.9237
1989-12-31,2.6058,2.1115,.9182,1.1026,2.2467,3.0447,.6766,2.3551,.1073,2.5307,.7669,.5678,2.2833,2.7312,.6770,2.5985,.5858,2.4097,2.5265,2.2074,2.3515,2.7600,.8899,.8298,2.0242,2.5823,1.3676,1.1198,1.6503,1.5245,2.6856,1.9464,2.2210,2.4618,2.1713,2.6354,2.4316,2.4934,2.5744,2.4150,2.0686,2.4273,1.8853,2.3503,2.2620,1.9842,2.0201,3.0725,2.5858,2.6307,2.3156,2.4347,2.5077,2.0881,2.9950,2.6813,3.1990,2.4305,3.1492,2.4997,2.3903,2.2491,2.8467,2.6304,2.3941,2.3119,2.8271,1.7816,2.8141,1.8616,2.1976,3.0722,1.0202,1.0720,2.2664,2.8083,3.0678,2.1088,3.1957,2.4883,1.3741,2.6999,1.6774,.8243,2.4460,3.2130,2.0498,2.7234,2.6661,.7580,2.9298,2.7638,2.3249,2.3277,2.6904,2.3487,3.1414,2.6303,2.7298,2.5766,2.1225,3.3942,.0000,3.4930,3.5003,1.5378,1.8752,2.6044,3.5436,3.2234,.1123,3.0593,1.9205,2.1816,2.2088,3.0313,1.8490,3.1999,1.5613,2.4259,2.2336,.4702,2.7081,2.4097,.0000,3.0791,2.3318,2.7671,.0000,3.4628,2.8082,2.8726,2.8711,.0797,.0000,1.5606,3.1356,3.1671,2.8781,3.5909,3.3232,.0785,3.2946,2.4670,3.4074,2.4882,2.5464,2.7313,2.7339,2.5117,3.1761,2.5670,2.7200,2.9125,3.3170,2.9548,.0809,.0953,2.3874,.0000,3.3860,3.2481,2.8906,2.8454,.0000,2.1819,2.3849,2.1821,.3785,2.0681,2.4384,2.3668,2.5114,3.1053,1.9010,2.1989,2.3339,2.2116,2.5545,1.5083,2.6436,2.6812,2.0052,2.0244,.2170,3.3070,1.4527,2.1270,.0000,2.1770,1.3654,1.7665,1.8796,2.2259,3.2445,2.2530,2.2030,3.2102,1.6322,2.9070,2.3463,2.3678,2.5486,.3854,2.1464,2.3776,2.3801,2.9875,2.7872,2.1619,2.1034,.0773,.0971,.0297,.0687,.1535,.0312,.0407,.0519,.1215,.0580,3.1143,1.8750,3.0765,.1542,1.9061,.1164,.1138,.2154,.0858,2.0010,.0150,.1265,.0000,.0737,2.7251,.0814,.0316,.0123,.0000,2.6856,2.0816,2.9752,3.0502,.0384,.0959,2.1422,.1093,1.3891,.0000,.0000,.0228,3.1605,1.1266,3.1543,.0136,.0166,.9936
1990-01-31,3.1826,2.2681,1.0309,1.1883,2.7355,3.3558,.8496,2.7868,.1271,2.8193,.9343,.7472,2.6193,2.7915,.8811,2.7777,1.7988,4.2986,2.6844,3.4563,2.7922,2.8205,1.2723,1.2561,3.7621,3.9795,1.5350,1.3577,1.9632,1.6074,3.7688,3.7296,3.8800,3.6669,3.0025,4.0340,3.6578,3.7320,3.7983,3.2834,2.8795,3.3746,2.2687,3.3780,3.6967,2.3472,2.9877,4.3229,3.5721,3.7906,3.1822,3.0464,3.0347,2.5135,4.2102,3.7767,4.4941,2.7241,4.2981,3.1781,3.0315,2.6801,4.0546,3.4568,3.0126,3.2520,3.7363,2.1019,3.9543,2.0538,2.5406,3.8906,1.1523,1.1977,2.3710,3.3916,2.7404,2.4239,3.8188,3.0164,1.5959,3.0759,2.6060,1.0145,2.7890,4.0006,2.4406,3.1831,2.5451,.8967,3.4190,3.2543,2.4538,2.4895,3.2069,2.6984,3.7196,3.1698,3.2536,3.0707,2.4501,3.9877,.3101,4.2751,4.0475,1.6126,2.1595,2.9869,3.9100,3.6360,.1111,3.4528,2.0540,2.3567,2.3619,3.5732,2.0015,3.6011,1.6265,3.2190,2.4511,.4878,2.9543,2.8987,.0000,3.4157,2.4732,2.9858,.0000,3.9630,3.1248,3.2636,3.7706,.0795,.0000,1.5916,3.6419,3.5436,3.3912,4.1573,3.8554,.0787,3.8467,2.6357,4.0060,3.2235,3.1079,3.3931,3.3045,3.4205,3.6942,2.9705,3.1877,3.4091,3.8569,3.7181,.0822,.0973,2.9804,.0000,4.2028,3.9578,3.1865,3.6450,.0000,2.8293,3.0815,2.4221,.3813,3.1064,3.1254,3.2920,3.2194,4.2149,3.1409,3.0284,3.0625,3.1804,3.2567,2.9590,3.5163,3.6150,2.8377,3.2965,.2205,4.2151,3.0286,3.0533,.0000,2.4899,1.4728,2.0851,4.2006,3.5134,4.0037,2.8484,3.0599,4.2340,2.0170,3.3080,3.3520,3.4979,3.2696,.4706,3.1549,3.2927,3.3766,3.7093,3.5826,2.6835,2.9028,.0782,.0988,.0309,.0707,.1556,.0322,.0416,.0526,.1232,.0583,3.7554,3.0460,3.4447,.1548,2.5917,.1160,.1144,.2156,.0852,2.3429,.0149,.1261,.0000,.0733,2.9861,.0809,.0313,.0119,.0000,2.7922,2.1282,2.7488,2.7071,.0373,.0946,1.9284,.1077,1.2270,.0000,.0000,.0218,3.0217,.9927,2.9770,.0118,.0150,.8737
1990-02-28,5.0292,2.1914,2.1786,1.4565,2.7579,4.0618,.9715,3.2393,.1344,2.5310,1.0179,.8306,2.6018,2.6696,.9488,2.6560,1.5357,4.9073,2.4018,4.5004,2.9967,3.0624,1.9159,1.5746,4.9978,5.6020,1.5093,1.6006,2.0285,1.7780,5.6739,4.6669,5.4059,5.3909,4.5844,5.8403,5.7210,5.7257,6.0090,3.9708,4.3520,5.1180,3.0114,5.1405,5.3406,3.0922,4.7230,6.4538,5.2597,5.4900,4.8479,4.5988,3.8878,2.9968,6.4555,5.6838,6.8705,3.7174,6.8532,3.6584,4.0681,3.2113,5.9212,4.1335,3.6000,4.8101,5.0870,2.2319,5.7499,1.8439,2.6009,5.0372,1.3159,1.3424,1.9947,3.4738,2.6860,2.5720,4.7504,3.0529,1.1110,3.6610,2.5629,.9293,2.6063,4.9754,2.4153,3.6079,1.9481,.8215,2.9686,2.9340,2.1528,2.1727,2.9233,2.4617,3.6735,3.2559,3.3256,3.1894,2.2965,4.0951,.3038,4.9653,4.2159,1.4122,2.0066,3.0425,3.4101,3.1083,.0978,2.9047,1.8546,2.1054,2.0545,3.2106,1.8031,2.9850,1.5152,3.0454,2.0061,.4287,2.5776,2.3062,.0000,3.2301,2.2786,2.6412,.0000,3.5781,2.7348,2.6902,3.2366,.0701,.0000,1.5128,3.1579,2.8258,2.1986,3.2239,2.6826,.0692,2.9326,2.3049,3.2808,2.0196,2.2732,2.2109,2.2029,2.2228,2.8474,2.1291,2.6967,2.7211,2.7529,2.5360,.0723,.0854,2.3792,.0000,2.7768,3.1445,2.6293,2.6840,.0000,2.3423,2.3539,2.0434,.3379,2.3257,2.4548,2.5352,2.5376,3.1437,1.9624,2.4965,2.5314,2.0417,1.9699,1.8854,2.1023,2.1492,2.3486,2.4815,.1963,2.4734,2.0097,2.5281,.0000,2.2288,1.2705,1.4702,2.8432,2.5811,2.5579,2.4346,2.5311,2.6049,1.2333,2.2490,1.8501,1.9141,2.0311,.3297,2.0119,2.0716,1.7843,2.5812,2.7281,2.1306,1.9865,.0694,.0877,.0264,.0622,.1379,.0276,.0363,.0468,.1092,.0526,2.6699,1.9745,2.5488,.1393,1.8452,.1063,.1030,.1950,.0793,1.7911,.0145,.1157,.0000,.0687,2.3960,.0755,.0300,.0122,.0000,2.3913,1.7711,2.2219,2.2883,.0354,.0874,1.5276,.0992,1.0614,.0000,.0000,.0213,2.1163,.9065,2.0620,.0126,.0153,.8197
1990-03-31,5.4010,2.3280,2.4206,2.6952,2.8779,4.2383,1.0050,3.5577,.1503,1.8350,1.1420,.8186,1.8726,1.7590,1.0726,1.9436,1.6916,5.6383,1.7732,5.8779,3.3440,2.7814,2.1632,1.8468,5.3460,7.8032,1.9137,2.1897,2.9584,1.5278,8.1545,5.3907,6.5452,7.9540,5.8267,7.8331,8.3134,8.1811,7.7611,4.3665,5.5588,6.3894,4.0926,6.3510,5.5740,3.5740,5.5093,7.7933,5.2485,6.8349,5.6237,5.0305,3.8430,3.0354,7.1078,6.4379,7.5187,4.1327,6.2272,4.0501,3.8273,3.0822,4.9208,3.8250,3.3374,5.4785,5.7190,2.3013,6.2273,1.3072,2.0784,5.3897,1.3716,1.4535,1.7990,3.3169,2.9384,2.9221,5.3875,3.0513,.7282,4.0357,3.0800,.9442,2.7408,5.0950,2.4908,3.6419,2.2721,.6749,3.5377,3.2568,2.7258,2.7932,2.9904,2.6691,3.4019,2.8653,2.6682,3.0485,2.0072,3.7886,.3928,4.2304,3.8509,1.5844,1.6419,2.6090,3.5874,3.7122,.1114,3.0385,1.8487,2.2710,2.1680,3.5196,2.0093,3.2322,1.6436,3.6215,2.1867,.4647,2.6376,2.9194,.2220,3.4265,2.3054,2.7098,.0000,5.1117,3.3312,3.4663,3.9263,.0778,.0000,1.5210,4.6957,3.3489,2.3805,4.9483,3.7704,.0769,4.5966,2.8876,4.7264,2.1788,2.3938,2.2895,2.3025,2.1753,4.7186,3.8607,3.6802,4.5096,3.2146,2.5876,.0797,.0939,2.4518,.0000,4.4950,5.3331,3.2988,2.6251,.0000,2.4198,4.4700,2.6744,.3707,2.2408,3.8270,5.5895,5.2869,5.5273,1.7311,2.3986,2.3970,1.6339,1.5891,1.5417,1.7819,1.8721,2.3094,2.2183,.2158,2.6103,1.6905,2.3941,.0000,2.3566,1.3027,1.6760,2.1851,2.2439,3.6049,2.3468,2.4468,2.9406,1.4314,2.0264,1.6677,1.7571,1.7749,.3295,1.7676,1.8819,1.5352,2.5594,2.7560,2.0722,1.8405,.0762,.0946,.0289,.0665,.1510,.0302,.0398,.0511,.1194,.0553,2.6824,1.8288,2.7151,.1513,1.7943,.1139,.1113,.2126,.0838,1.8424,.0127,.1242,.0000,.0721,2.5471,.0796,.0297,.0102,.0000,2.4332,1.9105,2.6446,2.5784,.0366,.0937,1.8868,.1071,1.2120,.0000,.0000,.0213,2.6741,.9879,2.6139,.0118,.0150,.8709
1990-04-30,1.9827,1.7038,.8550,1.0109,1.5799,1.9571,.4679,1.4155,.0922,.1273,.5726,.3736,.1661,.0000,.5028,.1602,.4122,1.5833,.0258,1.8384,2.3021,.2926,.8296,.7273,1.5538,2.6390,1.3304,1.0509,1.5950,.0875,2.8524,1.6791,2.0975,2.7516,2.1597,2.6060,2.6081,2.6252,2.4938,1.8540,2.0659,2.0875,2.7141,2.1125,2.0539,2.1661,2.0298,2.5735,1.9198,2.3130,1.9760,2.2735,1.8849,1.8500,2.2316,1.9839,2.3891,2.5414,2.0963,1.6044,1.6673,1.5473,1.9226,1.6887,1.4455,1.9331,2.0955,1.5214,2.2270,.5445,.7034,2.1064,.8030,.8538,.6349,1.6630,1.4882,1.6818,2.8574,1.8265,.1421,2.6659,1.6358,.6371,2.1487,2.6574,1.6986,1.9850,1.2037,.5451,2.0249,2.1205,1.5329,1.6001,2.3988,2.1077,2.2604,1.8593,1.9013,1.9259,1.7664,2.4749,.0000,2.4352,2.3054,1.2315,1.5160,2.0028,2.5921,2.3329,.1009,2.4564,1.8236,1.4638,1.2226,2.9275,1.5033,2.5549,1.2783,2.2404,2.0520,.3655,2.2623,2.3761,.0000,2.0771,1.6634,1.6619,.0000,2.6294,2.0899,2.3155,1.6524,.0735,.0000,1.1310,3.0226,2.7812,1.7030,3.3776,2.8232,.0722,3.2395,1.7907,3.0600,1.3371,1.7487,1.7246,1.6661,1.7866,3.2471,2.4972,2.8466,2.9437,2.0206,1.5519,.0757,.0905,2.0352,.0000,2.9271,3.4985,1.9779,1.6006,.0000,2.1336,2.8291,1.5775,.3574,2.0086,2.1774,2.4231,3.3391,2.7745,1.4761,2.0010,1.9236,1.3206,1.3315,1.1435,1.6574,1.8110,2.0610,1.9020,.2086,2.1725,1.2718,2.0669,.0000,2.1749,1.2752,.9116,1.7686,1.9132,2.1564,2.1767,2.1377,2.0282,.8137,1.8468,1.5825,1.4884,1.5427,.2526,1.6035,1.7168,1.4195,1.5976,2.2221,1.7925,1.7170,.0733,.0914,.0277,.0641,.1451,.0290,.0381,.0492,.1143,.0533,2.1796,1.5124,2.1345,.1463,1.4277,.1098,.1074,.2057,.0803,1.3836,.0123,.1198,.0000,.0690,2.1956,.0763,.0286,.0100,.0000,1.8858,1.7403,2.3559,2.4976,.0362,.0915,2.0487,.1048,1.3372,.0000,.0000,.0218,2.9688,1.0800,2.8923,.0120,.0150,.9515
1990-05-31,2.7159,2.1173,.9714,1.1355,2.3085,2.5559,.6380,2.5078,.1179,.1153,.7087,.5055,.1515,.0000,.6206,.1742,.5483,2.0391,.0313,1.7134,2.1510,.2520,.7392,.8088,1.5996,2.2936,1.3104,1.0977,1.6371,.0829,2.1286,1.6782,1.9345,2.1842,1.7684,2.2806,2.0925,2.1112,2.1999,2.1179,1.7068,1.7155,2.0389,1.8352,1.8312,1.8666,1.6885,2.4893,2.0076,2.1884,1.6480,1.9266,1.9718,1.7727,2.4911,2.1435,2.6660,2.0570,2.6689,2.2372,2.4027,1.7990,2.7886,2.3244,1.9588,1.6453,1.9251,1.5963,2.3496,.5392,.7093,2.0041,.8374,.8889,.3721,1.6731,1.5998,1.7296,2.3016,1.7961,.0849,2.2184,.6535,.6859,1.9976,1.9735,1.5571,1.6084,.9092,.4982,1.6648,1.7300,1.2614,1.2985,2.2676,1.8565,1.8594,1.5743,1.6123,1.5872,1.6316,1.9584,.0000,1.7621,1.8458,1.3694,1.3651,1.7287,2.3743,2.1750,.1065,2.2979,1.6868,1.7919,1.7753,2.5483,1.6520,2.2643,1.5035,2.1073,1.9936,.4428,2.1472,2.0912,.0000,2.5530,2.1498,2.1804,.0000,2.7480,2.1103,2.1427,1.3454,.0771,.0000,1.4868,2.5511,2.4591,1.6289,2.7569,2.1205,.0767,2.6131,2.1521,2.7562,1.3254,1.7192,1.6229,1.6685,1.5316,2.7232,2.0906,2.4482,2.3574,1.6428,1.4487,.0794,.0935,1.8393,.0000,2.5130,3.0456,2.6265,1.5958,.0000,1.8057,2.2918,2.0531,.3738,1.4612,2.2141,2.4556,2.5120,2.8463,1.2485,1.9136,2.0271,1.7554,2.0733,1.0199,1.3009,1.4047,1.6570,1.6199,.2165,2.1159,1.1982,1.7115,.0000,2.1004,1.3211,.8792,1.5393,1.8252,1.9887,2.0152,1.8471,1.9674,.7626,2.0415,1.6442,1.5896,1.7698,.3047,1.5993,1.7988,1.7460,1.4370,1.9663,1.4374,1.7570,.0758,.0967,.0289,.0688,.1504,.0301,.0395,.0508,.1188,.0552,2.2443,1.1819,2.4220,.1509,.9358,.1127,.1107,.2132,.0821,.7143,.0121,.1230,.0000,.0703,2.1852,.0779,.0284,.0096,.0000,2.4044,1.5684,2.0315,1.8785,.0346,.0917,1.7996,.1047,1.1602,.0000,.0000,.0188,2.1218,.9480,2.0164,.0094,.0123,.8331
1990-06-30,1.1480,1.7400,.7751,.9316,1.4263,1.4610,.3828,.9717,.0753,.0948,.4676,.2968,.1251,.0000,.3987,.1508,.3492,.8905,.0234,.5874,1.5502,.0798,.4746,.5665,.7738,.7559,.8992,.7863,.9773,.0622,.6728,.6406,.6168,.6192,.7680,.7180,.6251,.6371,.8025,.9032,.7238,1.0803,1.2299,.9606,.9373,1.2087,.7363,1.1397,1.0942,.9008,.9406,1.1892,1.2690,1.2638,1.2382,1.0030,1.3277,1.4599,1.3556,1.1313,1.1334,1.1835,1.3716,1.2119,1.0357,.8958,1.0732,.9177,1.1257,.3331,.3119,.8351,.6856,.7447,.1637,.8595,.8330,1.3111,1.1953,1.1733,.0217,1.5822,.2412,.4827,1.4374,1.1048,.8454,.7852,.4490,.3020,1.1074,1.1587,.6268,.7114,1.1215,1.3727,.9892,.7511,.7514,.7711,.9049,.9566,.0000,.8855,.8392,1.1784,.7629,1.0676,1.2730,1.1910,.0994,1.5759,1.2172,1.2395,1.1512,1.5087,1.3436,1.6141,1.0883,1.1427,1.3849,.3303,.9592,1.4851,.0000,1.5086,1.2518,1.1045,.0000,1.3633,1.1945,1.2948,.5811,.0721,.0000,.9206,1.4312,1.8355,1.0771,1.5328,1.1261,.0717,1.6049,1.4786,1.7304,1.1073,1.5794,1.1809,1.1001,1.2020,1.8577,1.5547,1.7097,1.3722,.9703,1.1925,.0758,.0899,1.6532,.0000,2.3791,2.1834,1.8932,1.1251,.0000,1.8399,1.7042,1.6349,.3574,1.7036,1.6533,1.7240,1.6386,2.3636,1.4843,1.8430,1.7862,1.2331,1.2336,.9678,1.6834,1.8061,1.7639,1.7685,.2083,2.2775,1.1370,1.8327,.0000,2.0399,1.2700,.9038,1.8091,1.8639,2.2092,2.3582,1.8985,2.0385,.8138,1.7739,1.2426,1.1308,1.2249,.2691,1.4108,1.3807,1.1244,1.1132,1.6453,1.5091,1.6193,.0730,.0902,.0273,.0629,.1446,.0286,.0377,.0488,.1143,.0527,2.3548,.8892,2.8809,.1461,.8891,.1100,.1073,.2066,.0810,.7969,.0124,.1202,.0000,.0696,2.6467,.0769,.0292,.0102,.0000,3.1532,1.8443,2.9216,3.1768,.0387,.0936,2.2200,.1065,1.4629,.0000,.0000,.0241,3.0794,1.1831,2.9352,.0132,.0166,1.0443
1990-07-31,2.8685,1.9482,.9178,1.0830,2.1556,2.6993,.7677,2.3290,.1240,.2232,.8058,.5764,.1140,.0000,.6518,.1664,.5613,1.9092,.0321,.7145,1.4028,.1803,.6064,.6947,1.5686,1.7958,.8014,.8881,1.1731,.0761,1.0933,1.3765,1.5735,1.6679,1.4564,1.8880,1.7022,1.7172,1.8318,1.7629,1.3397,2.3691,1.1026,1.9356,1.6520,1.1437,1.3452,2.2141,2.0818,1.8355,2.5999,1.6860,1.7834,1.2209,2.0052,1.6974,2.1458,1.3247,2.1739,1.9733,1.9739,1.6676,2.4430,2.2613,2.0141,2.8319,2.6215,1.7737,2.4456,.3943,.6680,1.6111,.7603,.7793,.2006,1.3010,1.4206,1.4257,.8951,1.3744,.0450,1.4806,.4406,.5502,1.4933,1.2442,.8443,1.2411,.6964,.4526,1.8587,1.6485,1.2344,1.3207,1.5051,1.4244,1.7321,.9926,1.0933,1.6454,1.4693,1.7282,.0000,1.2419,1.9225,1.2781,1.3831,1.4986,2.7251,2.2171,.1076,2.3919,1.5143,1.5908,1.6534,1.6269,1.4738,2.3270,1.3681,1.0989,1.5806,.4441,1.3013,1.4246,.0000,2.1822,1.8283,1.8788,.0000,1.8978,1.5496,1.4173,.7820,.0773,.0000,1.2344,1.5344,1.8658,1.1845,1.8722,1.2667,.0761,1.9338,1.6330,1.9079,1.0607,1.5504,1.2756,1.2593,1.2766,1.7295,1.0967,1.5885,1.3632,1.4240,1.1816,.0799,.0949,1.7427,.0000,2.5725,2.0908,2.1210,1.4087,.0000,1.9996,1.2227,1.4219,.3713,2.0340,1.5029,1.3144,1.4630,2.0654,1.8390,2.0098,1.9588,1.6647,1.8109,1.1217,1.3810,1.4906,1.9439,1.9949,.2172,2.0952,1.3047,1.9609,.0000,2.0899,1.3681,.7292,1.8367,2.0061,2.0843,2.5553,1.9744,1.9739,.6609,1.8449,1.3736,1.2348,1.4533,.2808,1.5831,1.5520,1.6198,1.1405,1.5768,1.7010,1.7486,.0756,.0964,.0286,.0684,.1497,.0299,.0393,.0507,.1186,.0555,2.6323,.9206,3.1985,.1510,.8783,.1138,.1110,.2139,.0838,.7551,.0129,.1242,.0000,.0719,3.0400,.0795,.0301,.0109,.0000,3.7587,2.0428,3.9291,4.0533,.0404,.0972,2.4389,.1114,1.5476,.0000,.0000,.0252,3.8546,1.2534,3.8941,.0161,.0190,1.1153
1990-08-31,2.9912,2.0456,.9119,1.0833,2.0043,2.4691,.5434,1.9820,.1171,.0831,.6216,.4506,.1120,.0000,.5681,.1733,.5780,2.1767,.0309,1.4840,2.0666,.3193,.8874,.8904,2.2768,2.7615,.9999,1.1782,1.6767,.0908,1.4460,2.1439,2.4840,2.4522,1.7177,2.8710,2.4983,2.4739,2.3845,2.1173,1.6467,2.0490,1.3742,1.8419,1.8026,1.4854,1.6414,2.4299,1.9799,2.1978,2.1446,1.9009,2.0034,1.5333,2.2617,1.9502,2.4164,1.5295,2.4427,2.0208,2.1311,1.8442,2.6875,2.2204,2.0263,2.3025,2.2475,1.6648,2.6003,.5492,.8108,1.7662,.7787,.8070,.3036,1.6367,1.7563,1.5697,1.2110,1.3047,.0706,1.5700,.6588,.6979,1.5232,1.4789,.8900,1.2987,.9167,.3752,2.2106,2.0442,1.3323,1.3900,1.3921,1.6264,1.6102,.9928,1.0784,1.4127,1.3565,1.5285,.0000,1.0671,1.3933,1.3539,1.0433,1.2081,1.9862,1.4930,.1058,1.6669,1.0479,1.6892,1.6344,1.1775,1.6311,1.6044,1.1371,.7611,1.2026,.3482,.7956,1.6690,.0000,1.6039,1.5046,1.2991,.0000,1.4284,1.2560,1.0626,.5586,.0784,.0000,1.0412,1.2817,1.8400,1.7231,1.7170,1.2948,.0762,1.4750,1.3003,1.5732,.7384,1.2091,1.6309,1.6089,1.2509,1.2652,.6357,1.3642,.9575,1.3574,.8806,.0790,.0936,1.6393,.0000,1.5365,1.4862,1.2231,.9929,.0000,1.9091,.6158,.8290,.3617,2.0039,.8642,.4769,.8351,.9536,1.9804,2.1182,1.8354,1.3331,1.0453,1.3603,.8844,1.0280,2.0935,2.3979,.2180,1.6032,1.7836,2.4642,.0000,2.2814,1.3542,.3318,3.1680,2.4990,1.0546,2.5016,2.4413,1.3045,.3387,1.2719,1.3503,1.1912,1.0829,.2080,1.6430,1.3174,1.5026,.6159,1.2842,1.8358,1.8033,.0756,.0961,.0286,.0680,.1504,.0298,.0393,.0507,.1187,.0572,2.0733,.9525,2.5883,.1530,.9972,.1161,.1130,.2150,.0860,.9509,.0147,.1262,.0000,.0742,2.7265,.0817,.0315,.0125,.0000,2.9118,1.8996,2.7916,2.6434,.0370,.0946,2.0339,.1069,1.3339,.0000,.0000,.0203,2.6685,1.0739,2.6764,.0117,.0141,.9576
1990-09-30,4.0257,2.1603,.9788,1.1753,2.2815,3.1911,.7558,2.6753,.1250,.6251,.8296,.6415,.4371,.5515,.7585,.4265,.6430,2.8158,.3050,1.5147,2.3550,.3605,1.0345,.9000,2.3856,3.3999,1.2390,1.1994,1.7482,.1290,2.0859,2.5378,3.1801,3.1167,2.1698,3.9036,3.3783,3.3534,3.1426,2.5900,2.1417,2.0368,1.7224,2.0703,2.1871,1.8692,2.1196,3.0460,2.0751,2.8235,1.8098,1.9947,2.1259,1.8077,2.6931,2.3495,2.8769,1.6416,2.8414,2.2687,2.1566,1.8792,2.4665,2.2650,1.9887,1.7222,1.8460,1.3107,2.1925,.5113,.6646,1.4484,.7718,.8105,.2784,1.5439,1.6730,1.4976,1.1822,1.4259,.0613,1.5697,.4252,.5074,1.4782,1.5767,.8594,1.2842,.9412,.3764,.9174,1.1052,1.1747,1.2033,.7368,1.3232,1.4441,.8603,.9098,1.0976,1.1674,1.0767,.0000,.7539,.8309,.8170,.7939,.7761,.8266,.8612,.0993,.7494,.4740,.8731,.4760,.4462,.9981,.7320,.7670,.2524,.4963,.3173,.2549,1.1663,.0000,.6894,.8158,.5242,.0000,.4826,.6330,.5742,.1587,.0732,.0000,.5596,.5042,1.2670,1.0752,.8281,.6478,.0720,.7286,.6793,.7711,.5228,.9729,1.0377,.9923,.7630,.7001,.3231,.7850,.2965,.5970,.6201,.0748,.0886,1.2821,.0000,.9687,.8024,.7160,.6301,.0000,1.4721,.2288,.3478,.3492,1.5014,.3744,.2731,.3194,.6736,1.0540,1.6491,1.5007,.8810,.7789,.7723,.6288,.7904,1.8655,1.7132,.2082,1.1695,.9738,1.9907,.0000,2.0282,1.2018,.2755,1.7280,1.6524,1.0233,1.8412,1.9307,1.1012,.2909,.9218,.9342,.8043,.7775,.1765,1.0351,1.0411,.7261,.4698,1.1142,1.2884,1.2474,.0726,.0891,.0272,.0619,.1422,.0285,.0375,.0486,.1119,.0510,1.6440,.9922,1.8908,.1435,.9299,.1076,.1048,.2030,.0783,.8317,.0101,.1177,.0000,.0670,2.1084,.0743,.0265,.0081,.0000,1.8126,1.4958,1.7872,1.5783,.0333,.0889,1.5210,.1023,1.0535,.0000,.0000,.0187,1.5324,.8675,1.5114,.0117,.0138,.7707
